{"cameraMode":{"drawMode":0,"name":"Shaded","section":"Shading Mode"},"sceneLighting":false,"audioPlay":false,"sceneViewState":{"m_AlwaysRefresh":false,"showFog":true,"showSkybox":false,"showFlares":true,"showImageEffects":true,"showParticleSystems":true,"showVisualEffectGraphs":true,"m_FxEnabled":false},"in2DMode":false,"pivot":{"x":-0.00993800163269043,"y":0.31499403715133669,"z":0.0023282766342163088},"rotation":{"x":-0.03649703413248062,"y":-0.96348637342453,"z":0.1846645176410675,"w":-0.19042499363422395},"size":0.8166747093200684,"orthographic":false}