{"cameraMode":{"drawMode":0,"name":"Shaded","section":"Shading Mode"},"sceneLighting":false,"audioPlay":false,"sceneViewState":{"m_AlwaysRefresh":false,"showFog":true,"showSkybox":false,"showFlares":true,"showImageEffects":true,"showParticleSystems":true,"showVisualEffectGraphs":true,"m_FxEnabled":true},"in2DMode":false,"pivot":{"x":-0.11682665348052979,"y":0.3310115337371826,"z":-0.10278519988059998},"rotation":{"x":0.20894096791744233,"y":-0.09736908972263336,"z":0.02091364376246929,"w":0.9728443026542664},"size":0.8906552195549011,"orthographic":false}